index,success rate,importance l_inf,min l_inf,mean l_inf,max l_inf
1,0.8988,0.1366,0.1305,0.2843,0.7108
2,1.0,0.04045,0.02792,0.1215,0.298
3,1.0,0.102,0.08931,0.1474,0.4384
4,0.9897,0.09601,0.09248,0.1663,0.4684
5,0.8905,0.1083,0.1032,0.2094,0.9424
6,1.0,0.05586,0.0343,0.07119,0.2249
7,0.9752,0.02815,0.02675,0.07315,0.3613
8,1.0,0.003153,0.002579,0.005504,0.02103
9,1.0,0.01358,0.01204,0.01629,0.02929
10,0.9979,0.1311,0.09122,0.1401,0.439
