index,captum,captum_correction,gradcam,gradcam++
1,0.1476,0.1431,1.0,1.0
2,0.03885,0.04375,0.1783,0.1783
3,0.1313,0.1054,0.2476,0.2352
4,0.09624,0.09487,0.1795,0.4391
5,0.1086,0.1086,0.1361,1.0
