index,success rate,importance l_inf,min l_inf,mean l_inf,max l_inf
0,0.1889,0.4332,0.2556,0.4011,0.6675
1,1.0,0.0003314,0.0001988,0.0009344,0.00549
2,0.9753,0.06946,0.01643,0.08249,0.588
