index,captum,captum_correction,gradcam,gradcam++
0,0.5369,1.0,1.0,1.0
1,0.0002575,0.0003405,0.001458,0.001458
2,0.02151,0.07833,1.0,1.0
4,0.1148,0.2374,0.256,1.0
5,0.554,0.3661,1.0,1.0
7,0.1764,0.1641,1.0,1.0
8,0.2834,0.4751,1.0,1.0
11,1.0,1.0,1.0,1.0
13,0.3039,0.2427,1.0,1.0
14,0.1582,0.1624,0.3735,0.3735
